NOC,Best_Params,CV_MSE,CV_RMSE,Train_MSE,Train_RMSE,Train_R2
AFG,"{'learning_rate': 0.05, 'max_depth': 4, 'min_samples_leaf': 2, 'n_estimators': 100, 'subsample': 0.8}",0.31231713894028523,0.5588534145375559,0.0013902568649567576,0.037286148432853154,0.9872890800918239
AHO,"{'learning_rate': 0.05, 'max_depth': 3, 'min_samples_leaf': 2, 'n_estimators': 100, 'subsample': 0.8}",0.09920094649648338,0.3149618175215583,0.011590891325727574,0.10766100187963873,0.8367616138293368
ALB,"{'learning_rate': 0.1, 'max_depth': 3, 'min_samples_leaf': 1, 'n_estimators': 200, 'subsample': 1.0}",0.4035233509562256,0.6352348785734498,1.8762929916872277e-16,1.369778446204797e-08,0.9999999999999994
ALG,"{'learning_rate': 0.05, 'max_depth': 3, 'min_samples_leaf': 1, 'n_estimators': 100, 'subsample': 0.8}",4.503390262499583,2.1221192856433833,0.002431313641157849,0.04930835265102505,0.998905908861479
AND,"{'learning_rate': 0.1, 'max_depth': 3, 'min_samples_leaf': 1, 'n_estimators': 100, 'subsample': 1.0}",-0.0,-0.0,0.0,0.0,1.0
ANG,"{'learning_rate': 0.1, 'max_depth': 3, 'min_samples_leaf': 1, 'n_estimators': 100, 'subsample': 1.0}",-0.0,-0.0,0.0,0.0,1.0
ANT,"{'learning_rate': 0.1, 'max_depth': 3, 'min_samples_leaf': 1, 'n_estimators': 100, 'subsample': 1.0}",-0.0,-0.0,0.0,0.0,1.0
ARG,"{'learning_rate': 0.05, 'max_depth': 4, 'min_samples_leaf': 2, 'n_estimators': 100, 'subsample': 0.8}",6.19731766866361,2.4894412362342697,0.026763765908765162,0.16359635053620591,0.9951624850924264
ARM,"{'learning_rate': 0.1, 'max_depth': 3, 'min_samples_leaf': 1, 'n_estimators': 100, 'subsample': 0.8}",2.8042242115609852,1.674581801991466,8.379529813952281e-06,0.002894741752549315,0.999996882035418
ARU,"{'learning_rate': 0.1, 'max_depth': 3, 'min_samples_leaf': 1, 'n_estimators': 100, 'subsample': 1.0}",-0.0,-0.0,0.0,0.0,1.0
ASA,"{'learning_rate': 0.1, 'max_depth': 3, 'min_samples_leaf': 1, 'n_estimators': 100, 'subsample': 1.0}",-0.0,-0.0,0.0,0.0,1.0
AUS,"{'learning_rate': 0.05, 'max_depth': 4, 'min_samples_leaf': 2, 'n_estimators': 100, 'subsample': 0.8}",53.54788003895317,7.317641699273965,0.3835538285013184,0.6193172276800626,0.9987471500544938
AUT,"{'learning_rate': 0.05, 'max_depth': 3, 'min_samples_leaf': 1, 'n_estimators': 100, 'subsample': 1.0}",11.246064311477067,3.3535152171232303,0.1364640958513667,0.369410470684531,0.9860513701003714
AZE,"{'learning_rate': 0.1, 'max_depth': 4, 'min_samples_leaf': 1, 'n_estimators': 100, 'subsample': 0.8}",16.382387286165688,4.047516187264195,1.4512150748189027e-05,0.0038094816902288723,0.9999993621032638
BAH,"{'learning_rate': 0.1, 'max_depth': 4, 'min_samples_leaf': 2, 'n_estimators': 100, 'subsample': 0.8}",0.5645275295910506,0.7513504705469016,0.00277238753195303,0.0526534664761308,0.9968371353508705
BAN,"{'learning_rate': 0.1, 'max_depth': 3, 'min_samples_leaf': 1, 'n_estimators': 100, 'subsample': 1.0}",-0.0,-0.0,0.0,0.0,1.0
BAR,"{'learning_rate': 0.05, 'max_depth': 3, 'min_samples_leaf': 2, 'n_estimators': 100, 'subsample': 0.8}",0.07558298686326156,0.27492360186652137,0.006845109093866394,0.08273517446567931,0.8967968167386298
BDI,"{'learning_rate': 0.05, 'max_depth': 4, 'min_samples_leaf': 1, 'n_estimators': 200, 'subsample': 0.8}",0.24114955406164346,0.49106980569125147,3.9129961894632623e-07,0.0006255394623413667,0.999997913068699
BEL,"{'learning_rate': 0.05, 'max_depth': 4, 'min_samples_leaf': 1, 'n_estimators': 100, 'subsample': 0.8}",50.35659760371503,7.096238271345955,0.11028361962340967,0.3320897764512025,0.9975846738514769
BEN,"{'learning_rate': 0.1, 'max_depth': 3, 'min_samples_leaf': 1, 'n_estimators': 100, 'subsample': 1.0}",-0.0,-0.0,0.0,0.0,1.0
BER,"{'learning_rate': 0.05, 'max_depth': 3, 'min_samples_leaf': 1, 'n_estimators': 100, 'subsample': 1.0}",0.09992637677328291,0.31611133604045727,3.1547399623944446e-06,0.0017761587661001604,0.9999649473337512
BHU,"{'learning_rate': 0.1, 'max_depth': 3, 'min_samples_leaf': 1, 'n_estimators': 100, 'subsample': 1.0}",-0.0,-0.0,0.0,0.0,1.0
BIH,"{'learning_rate': 0.1, 'max_depth': 3, 'min_samples_leaf': 1, 'n_estimators': 100, 'subsample': 1.0}",-0.0,-0.0,0.0,0.0,1.0
BIZ,"{'learning_rate': 0.1, 'max_depth': 3, 'min_samples_leaf': 1, 'n_estimators': 100, 'subsample': 1.0}",-0.0,-0.0,0.0,0.0,1.0
BLR,"{'learning_rate': 0.1, 'max_depth': 3, 'min_samples_leaf': 2, 'n_estimators': 200, 'subsample': 0.8}",6.554998779076645,2.560273184462284,0.2913526469477793,0.5397709208060205,0.973464164125574
BOL,"{'learning_rate': 0.1, 'max_depth': 3, 'min_samples_leaf': 1, 'n_estimators': 100, 'subsample': 1.0}",-0.0,-0.0,0.0,0.0,1.0
BOT,"{'learning_rate': 0.05, 'max_depth': 3, 'min_samples_leaf': 1, 'n_estimators': 100, 'subsample': 1.0}",0.6569183991609219,0.8105050272274207,1.3631592430100547e-05,0.003692098648479012,0.9999649473337512
BRA,"{'learning_rate': 0.05, 'max_depth': 4, 'min_samples_leaf': 2, 'n_estimators': 100, 'subsample': 1.0}",19.262105476056014,4.388861523909818,0.05923226979542808,0.2433768061985942,0.998824756551678
BRN,"{'learning_rate': 0.05, 'max_depth': 3, 'min_samples_leaf': 2, 'n_estimators': 100, 'subsample': 0.8}",1.1657490229291476,1.0796985796643188,0.07982372614520213,0.2825309295372847,0.9457378041372503
BRU,"{'learning_rate': 0.1, 'max_depth': 3, 'min_samples_leaf': 1, 'n_estimators': 100, 'subsample': 1.0}",-0.0,-0.0,0.0,0.0,1.0
BUL,"{'learning_rate': 0.1, 'max_depth': 4, 'min_samples_leaf': 2, 'n_estimators': 200, 'subsample': 1.0}",45.37211691874726,6.73588278689195,5.008850616851954e-05,0.007077323376003073,0.9999995734673367
BUR,"{'learning_rate': 0.1, 'max_depth': 3, 'min_samples_leaf': 1, 'n_estimators': 200, 'subsample': 1.0}",0.10000000000000002,0.31622776601683794,1.8828583601066166e-16,1.3721728608694375e-08,0.9999999999999977
CAF,"{'learning_rate': 0.1, 'max_depth': 3, 'min_samples_leaf': 1, 'n_estimators': 100, 'subsample': 1.0}",-0.0,-0.0,0.0,0.0,1.0
CAM,"{'learning_rate': 0.1, 'max_depth': 3, 'min_samples_leaf': 1, 'n_estimators': 100, 'subsample': 1.0}",-0.0,-0.0,0.0,0.0,1.0
CAN,"{'learning_rate': 0.1, 'max_depth': 3, 'min_samples_leaf': 1, 'n_estimators': 200, 'subsample': 1.0}",55.20962158550661,7.430317731127426,8.566397648874312e-06,0.00292684089913926,0.9999999057837415
CAY,"{'learning_rate': 0.1, 'max_depth': 3, 'min_samples_leaf': 1, 'n_estimators': 100, 'subsample': 1.0}",-0.0,-0.0,0.0,0.0,1.0
CGO,"{'learning_rate': 0.1, 'max_depth': 3, 'min_samples_leaf': 1, 'n_estimators': 100, 'subsample': 1.0}",-0.0,-0.0,0.0,0.0,1.0
CHA,"{'learning_rate': 0.1, 'max_depth': 3, 'min_samples_leaf': 1, 'n_estimators': 100, 'subsample': 1.0}",-0.0,-0.0,0.0,0.0,1.0
CHI,"{'learning_rate': 0.1, 'max_depth': 3, 'min_samples_leaf': 2, 'n_estimators': 200, 'subsample': 0.8}",1.7405411821384855,1.3192957144395208,4.206425952403225e-06,0.0020509573258366996,0.9999963455484938
CHN,"{'learning_rate': 0.05, 'max_depth': 3, 'min_samples_leaf': 1, 'n_estimators': 100, 'subsample': 0.8}",199.7936776567408,14.134839145060718,0.34421552202347255,0.5866988341759958,0.9997266356561039
CIV,"{'learning_rate': 0.1, 'max_depth': 3, 'min_samples_leaf': 2, 'n_estimators': 200, 'subsample': 0.8}",0.4259739288996746,0.6526667824393046,1.5869840419901375e-06,0.0012597555485053984,0.9999955366073819
CMR,"{'learning_rate': 0.1, 'max_depth': 4, 'min_samples_leaf': 1, 'n_estimators': 200, 'subsample': 0.8}",0.2983233566022424,0.5461898539905721,1.6168799798690168e-10,1.2715659557683262e-05,0.9999999993101312
COD,"{'learning_rate': 0.1, 'max_depth': 3, 'min_samples_leaf': 1, 'n_estimators': 100, 'subsample': 1.0}",-0.0,-0.0,0.0,0.0,1.0
COK,"{'learning_rate': 0.1, 'max_depth': 3, 'min_samples_leaf': 1, 'n_estimators': 100, 'subsample': 1.0}",-0.0,-0.0,0.0,0.0,1.0
COL,"{'learning_rate': 0.1, 'max_depth': 3, 'min_samples_leaf': 1, 'n_estimators': 200, 'subsample': 0.8}",4.290323788141018,2.0713096794398025,4.1570137844013455e-08,0.00020388756176876866,0.9999999937515693
COM,"{'learning_rate': 0.1, 'max_depth': 3, 'min_samples_leaf': 1, 'n_estimators': 100, 'subsample': 1.0}",-0.0,-0.0,0.0,0.0,1.0
CPV,"{'learning_rate': 0.05, 'max_depth': 3, 'min_samples_leaf': 1, 'n_estimators': 100, 'subsample': 1.0}",0.21396808613193574,0.462566845041812,3.833885370965849e-06,0.0019580309933619152,0.9999649473337512
CRC,"{'learning_rate': 0.05, 'max_depth': 3, 'min_samples_leaf': 2, 'n_estimators': 100, 'subsample': 1.0}",0.9633795291713012,0.9815189907339038,0.005514945265371642,0.07426267747241302,0.9814672188175302
CRO,"{'learning_rate': 0.05, 'max_depth': 4, 'min_samples_leaf': 1, 'n_estimators': 100, 'subsample': 1.0}",4.288150363443054,2.0707849631101376,0.000233684441658856,0.015286740714058573,0.9999649473337512
CUB,"{'learning_rate': 0.1, 'max_depth': 4, 'min_samples_leaf': 2, 'n_estimators': 100, 'subsample': 0.8}",31.78316160828557,5.637655683729326,0.03232588389301549,0.17979400405190238,0.9997328898378725
CYP,"{'learning_rate': 0.05, 'max_depth': 3, 'min_samples_leaf': 2, 'n_estimators': 100, 'subsample': 0.8}",0.3435749524194426,0.586152669890228,0.022479107572814423,0.1499303424021116,0.8381504254757361
CZE,"{'learning_rate': 0.05, 'max_depth': 4, 'min_samples_leaf': 1, 'n_estimators': 100, 'subsample': 0.8}",13.38662851066739,3.658774181425712,0.01626343309021993,0.12752816587021054,0.9961733098611247
DEN,"{'learning_rate': 0.1, 'max_depth': 4, 'min_samples_leaf': 1, 'n_estimators': 200, 'subsample': 1.0}",12.777326047930373,3.5745385783245327,2.2075130852715767e-07,0.0004698417909543144,0.9999999857518519
DJI,"{'learning_rate': 0.05, 'max_depth': 3, 'min_samples_leaf': 2, 'n_estimators': 100, 'subsample': 1.0}",0.13293606771715188,0.36460398752228684,0.0034359865200666757,0.058617288576551164,0.9618223719992591
DMA,"{'learning_rate': 0.1, 'max_depth': 3, 'min_samples_leaf': 2, 'n_estimators': 200, 'subsample': 1.0}",0.201709855620079,0.4491212037079512,0.0023079236826806927,0.04804085430839769,0.9788989834726337
DOM,"{'learning_rate': 0.1, 'max_depth': 4, 'min_samples_leaf': 1, 'n_estimators': 200, 'subsample': 1.0}",0.8563870767331281,0.9254118416862451,1.8993896842508607e-16,1.3781834726373918e-08,0.9999999999999999
ECU,"{'learning_rate': 0.05, 'max_depth': 4, 'min_samples_leaf': 2, 'n_estimators': 100, 'subsample': 0.8}",2.1577065583529422,1.4689133937550376,0.07712441030765883,0.27771281984751595,0.9585213255488222
EGY,"{'learning_rate': 0.05, 'max_depth': 4, 'min_samples_leaf': 2, 'n_estimators': 100, 'subsample': 1.0}",2.585471477546231,1.607940134938559,0.21464667771902554,0.46329977090327334,0.948973798445663
ERI,"{'learning_rate': 0.05, 'max_depth': 3, 'min_samples_leaf': 1, 'n_estimators': 200, 'subsample': 1.0}",0.10623336184751583,0.3259345975000442,1.5045176463031157e-10,1.226587806193717e-05,0.9999999987713106
ESA,"{'learning_rate': 0.1, 'max_depth': 3, 'min_samples_leaf': 1, 'n_estimators': 100, 'subsample': 1.0}",-0.0,-0.0,0.0,0.0,1.0
ESP,"{'learning_rate': 0.1, 'max_depth': 3, 'min_samples_leaf': 1, 'n_estimators': 100, 'subsample': 1.0}",7.7463625053639875,2.7832287914154645,0.0014149035978129254,0.03761520434362846,0.9999785651844911
EST,"{'learning_rate': 0.1, 'max_depth': 4, 'min_samples_leaf': 1, 'n_estimators': 100, 'subsample': 0.8}",2.762640247389381,1.6621192037243842,7.250016574284163e-06,0.0026925854813327956,0.9999983476706412
ETH,"{'learning_rate': 0.05, 'max_depth': 3, 'min_samples_leaf': 2, 'n_estimators': 100, 'subsample': 1.0}",3.1199983706147405,1.7663517120366319,0.042999992037576935,0.20736439433416948,0.9941221153047055
FIJ,"{'learning_rate': 0.1, 'max_depth': 3, 'min_samples_leaf': 1, 'n_estimators': 200, 'subsample': 1.0}",0.4,0.6324555320336759,2.1513018966387546e-16,1.466731705745381e-08,0.9999999999999993
FIN,"{'learning_rate': 0.05, 'max_depth': 3, 'min_samples_leaf': 2, 'n_estimators': 100, 'subsample': 0.8}",66.33448340157429,8.144598418680586,0.6031973937531931,0.7766578356993465,0.9945899103475209
FRA,"{'learning_rate': 0.1, 'max_depth': 3, 'min_samples_leaf': 2, 'n_estimators': 100, 'subsample': 1.0}",181.71654818996905,13.480228046660377,1.144806282875076,1.0699562060547507,0.997084158032136
FSM,"{'learning_rate': 0.1, 'max_depth': 3, 'min_samples_leaf': 1, 'n_estimators': 100, 'subsample': 1.0}",-0.0,-0.0,0.0,0.0,1.0
GAB,"{'learning_rate': 0.1, 'max_depth': 4, 'min_samples_leaf': 1, 'n_estimators': 100, 'subsample': 0.8}",0.10279875809597869,0.32062245413566826,6.137779785301325e-08,0.0002477454295300183,0.9999991965088281
GAM,"{'learning_rate': 0.1, 'max_depth': 3, 'min_samples_leaf': 1, 'n_estimators': 100, 'subsample': 1.0}",-0.0,-0.0,0.0,0.0,1.0
GBR,"{'learning_rate': 0.05, 'max_depth': 3, 'min_samples_leaf': 1, 'n_estimators': 100, 'subsample': 0.8}",771.3204199151053,27.77265597516927,3.7978731894678153,1.948813277219707,0.9950354801418471
GBS,"{'learning_rate': 0.1, 'max_depth': 3, 'min_samples_leaf': 1, 'n_estimators': 100, 'subsample': 1.0}",-0.0,-0.0,0.0,0.0,1.0
GEO,"{'learning_rate': 0.05, 'max_depth': 4, 'min_samples_leaf': 1, 'n_estimators': 200, 'subsample': 0.8}",2.118012734263936,1.4553393879999044,3.814748471642059e-06,0.0019531381086963766,0.9999988644469666
GEQ,"{'learning_rate': 0.1, 'max_depth': 3, 'min_samples_leaf': 1, 'n_estimators': 100, 'subsample': 1.0}",-0.0,-0.0,0.0,0.0,1.0
GER,"{'learning_rate': 0.1, 'max_depth': 4, 'min_samples_leaf': 2, 'n_estimators': 100, 'subsample': 1.0}",586.595575119286,24.219735240486962,0.06016004385629468,0.24527544487024108,0.9999311834684652
GHA,"{'learning_rate': 0.1, 'max_depth': 3, 'min_samples_leaf': 1, 'n_estimators': 200, 'subsample': 1.0}",0.05,0.22360679774997896,2.03462452962065e-16,1.4264026533979282e-08,0.9999999999999966
GRE,"{'learning_rate': 0.1, 'max_depth': 3, 'min_samples_leaf': 2, 'n_estimators': 200, 'subsample': 1.0}",66.98234372864425,8.18427417237743,0.003500446606781818,0.059164572226813386,0.9999536303974152
GRN,"{'learning_rate': 0.1, 'max_depth': 3, 'min_samples_leaf': 1, 'n_estimators': 200, 'subsample': 1.0}",0.30892899008742625,0.5558138088311825,2.1607588307688817e-16,1.4699519824704757e-08,0.9999999999999994
GUA,"{'learning_rate': 0.1, 'max_depth': 3, 'min_samples_leaf': 1, 'n_estimators': 200, 'subsample': 0.8}",0.1974469327563869,0.44435001154088755,2.3498433644431766e-10,1.5329198819387713e-05,0.9999999991064411
GUI,"{'learning_rate': 0.1, 'max_depth': 3, 'min_samples_leaf': 1, 'n_estimators': 100, 'subsample': 1.0}",-0.0,-0.0,0.0,0.0,1.0
GUM,"{'learning_rate': 0.1, 'max_depth': 3, 'min_samples_leaf': 1, 'n_estimators': 100, 'subsample': 1.0}",-0.0,-0.0,0.0,0.0,1.0
GUY,"{'learning_rate': 0.05, 'max_depth': 3, 'min_samples_leaf': 2, 'n_estimators': 100, 'subsample': 0.8}",0.10492909743397509,0.32392761141028886,0.005580558874220975,0.07470313831574263,0.8880787914670126
HAI,"{'learning_rate': 0.1, 'max_depth': 3, 'min_samples_leaf': 1, 'n_estimators': 200, 'subsample': 1.0}",0.1,0.31622776601683794,1.8226068803222971e-16,1.3500395847242026e-08,0.9999999999999981
HKG,"{'learning_rate': 0.1, 'max_depth': 3, 'min_samples_leaf': 1, 'n_estimators': 100, 'subsample': 0.8}",3.075953853040134,1.753839745541232,1.2193122213561076e-05,0.0034918651482497252,0.9999951880979328
HON,"{'learning_rate': 0.1, 'max_depth': 3, 'min_samples_leaf': 1, 'n_estimators': 100, 'subsample': 1.0}",-0.0,-0.0,0.0,0.0,1.0
HUN,"{'learning_rate': 0.05, 'max_depth': 4, 'min_samples_leaf': 1, 'n_estimators': 100, 'subsample': 1.0}",54.14092527990456,7.358051731260426,0.034347781561423096,0.18533154497123014,0.9996544017480241
INA,"{'learning_rate': 0.05, 'max_depth': 3, 'min_samples_leaf': 1, 'n_estimators': 200, 'subsample': 0.8}",2.4214917593859377,1.5561143143695895,1.609194026494416e-05,0.004011476070593487,0.9999968871681817
IND,"{'learning_rate': 0.05, 'max_depth': 3, 'min_samples_leaf': 2, 'n_estimators': 100, 'subsample': 0.8}",4.007576079333667,2.001893123853935,0.13186111273665235,0.3631268548822193,0.9620527406513508
IRI,"{'learning_rate': 0.05, 'max_depth': 3, 'min_samples_leaf': 1, 'n_estimators': 200, 'subsample': 1.0}",6.681939147623446,2.5849447088136035,0.0001982178416975988,0.01407898581921293,0.9999833666571705
IRL,"{'learning_rate': 0.05, 'max_depth': 4, 'min_samples_leaf': 1, 'n_estimators': 200, 'subsample': 1.0}",4.167271298549773,2.041389550906385,6.99336988831287e-06,0.0026444980408979074,0.9999983122752414
IRQ,"{'learning_rate': 0.05, 'max_depth': 4, 'min_samples_leaf': 2, 'n_estimators': 100, 'subsample': 1.0}",0.06946443558369421,0.2635610661378008,0.0029206271671823555,0.05404282715756417,0.9501546296800878
ISL,"{'learning_rate': 0.05, 'max_depth': 4, 'min_samples_leaf': 2, 'n_estimators': 100, 'subsample': 0.8}",0.3319983908915932,0.5761930153096211,0.0073094110105156864,0.0854950934879639,0.9491226523083842
ISR,"{'learning_rate': 0.1, 'max_depth': 4, 'min_samples_leaf': 2, 'n_estimators': 200, 'subsample': 0.8}",3.315736741524924,1.8209164564924234,0.002144217459872374,0.04630569576059056,0.9993319937913474
ISV,"{'learning_rate': 0.1, 'max_depth': 3, 'min_samples_leaf': 1, 'n_estimators': 100, 'subsample': 1.0}",0.09909120891772197,0.31478756156767373,4.679389204723086e-11,6.840606116948326e-06,0.9999999992944921
ITA,"{'learning_rate': 0.05, 'max_depth': 3, 'min_samples_leaf': 2, 'n_estimators': 100, 'subsample': 1.0}",125.73712682621715,11.21325674486307,1.0365430136587914,1.018107564876517,0.9926052452294174
IVB,"{'learning_rate': 0.1, 'max_depth': 3, 'min_samples_leaf': 1, 'n_estimators': 100, 'subsample': 1.0}",-0.0,-0.0,0.0,0.0,1.0
JAM,"{'learning_rate': 0.1, 'max_depth': 4, 'min_samples_leaf': 2, 'n_estimators': 200, 'subsample': 1.0}",6.273225703823028,2.504640833297866,0.001603564319244588,0.040044529204931206,0.9998923201787114
JOR,"{'learning_rate': 0.1, 'max_depth': 3, 'min_samples_leaf': 1, 'n_estimators': 200, 'subsample': 1.0}",0.20000000731401674,0.4472136036772772,1.9520617598952532e-16,1.3971620378092347e-08,0.9999999999999994
JPN,"{'learning_rate': 0.05, 'max_depth': 4, 'min_samples_leaf': 1, 'n_estimators': 200, 'subsample': 0.8}",145.95914392939798,12.08135521907199,0.0017969399973989518,0.042390329055091706,0.9999911140329799
KAZ,"{'learning_rate': 0.1, 'max_depth': 3, 'min_samples_leaf': 2, 'n_estimators': 200, 'subsample': 1.0}",6.2863319907793365,2.507255868629952,1.9306285042275835e-07,0.0004393891787729397,0.9999999800709316
KEN,"{'learning_rate': 0.05, 'max_depth': 4, 'min_samples_leaf': 2, 'n_estimators': 100, 'subsample': 1.0}",20.79783369947167,4.560464197806148,0.06706628158457341,0.2589715845118406,0.9967775960800205
KGZ,"{'learning_rate': 0.05, 'max_depth': 4, 'min_samples_leaf': 1, 'n_estimators': 200, 'subsample': 0.8}",4.381301567171083,2.093155886973324,7.0484289029706415e-06,0.0026548877382990494,0.9999983354263845
KIR,"{'learning_rate': 0.1, 'max_depth': 3, 'min_samples_leaf': 1, 'n_estimators': 100, 'subsample': 1.0}",-0.0,-0.0,0.0,0.0,1.0
KOR,"{'learning_rate': 0.05, 'max_depth': 3, 'min_samples_leaf': 1, 'n_estimators': 100, 'subsample': 1.0}",32.06053449510591,5.6622022654710875,0.032513825584116064,0.1803159049671328,0.9998085362939472
KSA,"{'learning_rate': 0.05, 'max_depth': 3, 'min_samples_leaf': 1, 'n_estimators': 100, 'subsample': 1.0}",0.28606346196170407,0.5348490085638227,1.2859558032115073e-05,0.00358602259224828,0.9999649473337512
KUW,"{'learning_rate': 0.1, 'max_depth': 4, 'min_samples_leaf': 1, 'n_estimators': 100, 'subsample': 0.8}",0.17353310161989316,0.41657304475913126,2.6694996264205363e-07,0.0005166720068303039,0.9999984144790097
LAO,"{'learning_rate': 0.1, 'max_depth': 3, 'min_samples_leaf': 1, 'n_estimators': 100, 'subsample': 1.0}",-0.0,-0.0,0.0,0.0,1.0
LAT,"{'learning_rate': 0.05, 'max_depth': 3, 'min_samples_leaf': 2, 'n_estimators': 200, 'subsample': 0.8}",1.9432701766611788,1.3940122584328944,0.0007011788546470994,0.026479781997726104,0.9996050025785488
LBA,"{'learning_rate': 0.1, 'max_depth': 3, 'min_samples_leaf': 1, 'n_estimators': 100, 'subsample': 1.0}",-0.0,-0.0,0.0,0.0,1.0
LBR,"{'learning_rate': 0.1, 'max_depth': 3, 'min_samples_leaf': 1, 'n_estimators': 100, 'subsample': 1.0}",-0.0,-0.0,0.0,0.0,1.0
LCA,"{'learning_rate': 0.05, 'max_depth': 3, 'min_samples_leaf': 2, 'n_estimators': 100, 'subsample': 0.8}",0.8520933722676768,0.9230890381039506,0.04423569001037504,0.21032282332256536,0.898889851404857
LES,"{'learning_rate': 0.1, 'max_depth': 3, 'min_samples_leaf': 1, 'n_estimators': 100, 'subsample': 1.0}",-0.0,-0.0,0.0,0.0,1.0
LIB,"{'learning_rate': 0.05, 'max_depth': 4, 'min_samples_leaf': 2, 'n_estimators': 100, 'subsample': 0.8}",0.40650692874920963,0.6375789588350682,0.015274700177921952,0.12359085798683474,0.9486699028904716
LIE,"{'learning_rate': 0.1, 'max_depth': 3, 'min_samples_leaf': 1, 'n_estimators': 100, 'subsample': 1.0}",-0.0,-0.0,0.0,0.0,1.0
LTU,"{'learning_rate': 0.05, 'max_depth': 4, 'min_samples_leaf': 1, 'n_estimators': 200, 'subsample': 0.8}",1.8934014647515582,1.3760092531489598,7.81854596442589e-06,0.002796166297705823,0.9999978596288197
LUX,"{'learning_rate': 0.05, 'max_depth': 3, 'min_samples_leaf': 1, 'n_estimators': 200, 'subsample': 0.8}",0.06924519650522488,0.2631448204035658,3.086852561341936e-06,0.0017569440973866915,0.9999687456178165
MAD,"{'learning_rate': 0.1, 'max_depth': 3, 'min_samples_leaf': 1, 'n_estimators': 100, 'subsample': 1.0}",-0.0,-0.0,0.0,0.0,1.0
MAR,"{'learning_rate': 0.05, 'max_depth': 3, 'min_samples_leaf': 2, 'n_estimators': 100, 'subsample': 0.8}",1.3442445722842418,1.1594156167156977,0.026818403823965796,0.16376325541453368,0.9855766567669427
MAS,"{'learning_rate': 0.1, 'max_depth': 3, 'min_samples_leaf': 1, 'n_estimators': 200, 'subsample': 0.8}",1.276355069268202,1.1297588544765658,3.4729737856722867e-10,1.86359163597401e-05,0.9999999998139478
MAW,"{'learning_rate': 0.1, 'max_depth': 3, 'min_samples_leaf': 1, 'n_estimators': 100, 'subsample': 1.0}",-0.0,-0.0,0.0,0.0,1.0
MDA,"{'learning_rate': 0.05, 'max_depth': 3, 'min_samples_leaf': 1, 'n_estimators': 100, 'subsample': 0.8}",3.753247510077877,1.9373299951422516,0.004008616837719999,0.06331363863907996,0.9976245233554252
MDV,"{'learning_rate': 0.1, 'max_depth': 3, 'min_samples_leaf': 1, 'n_estimators': 100, 'subsample': 1.0}",-0.0,-0.0,0.0,0.0,1.0
MEX,"{'learning_rate': 0.05, 'max_depth': 3, 'min_samples_leaf': 2, 'n_estimators': 100, 'subsample': 0.8}",8.335278621723138,2.8870882601200707,0.13593483097950082,0.36869341054526705,0.9773200028397789
MGL,"{'learning_rate': 0.05, 'max_depth': 4, 'min_samples_leaf': 1, 'n_estimators': 100, 'subsample': 0.8}",5.394933332253883,2.3226995785623856,0.008324960242837576,0.09124122008630516,0.9967926094954821
MHL,"{'learning_rate': 0.1, 'max_depth': 3, 'min_samples_leaf': 1, 'n_estimators': 100, 'subsample': 1.0}",-0.0,-0.0,0.0,0.0,1.0
MKD,"{'learning_rate': 0.05, 'max_depth': 3, 'min_samples_leaf': 2, 'n_estimators': 100, 'subsample': 0.8}",0.2186809104019284,0.4676333076267434,0.006300099625418442,0.07937316691060299,0.9663994686644349
MLI,"{'learning_rate': 0.1, 'max_depth': 3, 'min_samples_leaf': 1, 'n_estimators': 100, 'subsample': 1.0}",-0.0,-0.0,0.0,0.0,1.0
MLT,"{'learning_rate': 0.1, 'max_depth': 3, 'min_samples_leaf': 1, 'n_estimators': 100, 'subsample': 1.0}",-0.0,-0.0,0.0,0.0,1.0
MNE,"{'learning_rate': 0.1, 'max_depth': 3, 'min_samples_leaf': 2, 'n_estimators': 100, 'subsample': 0.8}",0.24262211384494234,0.4925668623090091,0.005769516309194308,0.07595733216217054,0.9639405230675356
MON,"{'learning_rate': 0.1, 'max_depth': 3, 'min_samples_leaf': 1, 'n_estimators': 100, 'subsample': 1.0}",-0.0,-0.0,0.0,0.0,1.0
MOZ,"{'learning_rate': 0.05, 'max_depth': 3, 'min_samples_leaf': 1, 'n_estimators': 100, 'subsample': 1.0}",0.331444157765939,0.575711870440361,4.8684258678930274e-06,0.002206450966573476,0.9999649473337512
MRI,"{'learning_rate': 0.05, 'max_depth': 3, 'min_samples_leaf': 2, 'n_estimators': 100, 'subsample': 0.8}",0.2371548334378514,0.48698545505779883,0.010557774314677505,0.1027510307231879,0.8722509307924021
MTN,"{'learning_rate': 0.1, 'max_depth': 3, 'min_samples_leaf': 1, 'n_estimators': 100, 'subsample': 1.0}",-0.0,-0.0,0.0,0.0,1.0
MYA,"{'learning_rate': 0.1, 'max_depth': 3, 'min_samples_leaf': 1, 'n_estimators': 100, 'subsample': 1.0}",-0.0,-0.0,0.0,0.0,1.0
NAM,"{'learning_rate': 0.1, 'max_depth': 3, 'min_samples_leaf': 2, 'n_estimators': 200, 'subsample': 1.0}",0.9362032222709991,0.9675759516807965,1.486848002089494e-07,0.00038559668075457986,0.9999997849380569
NCA,"{'learning_rate': 0.1, 'max_depth': 3, 'min_samples_leaf': 1, 'n_estimators': 100, 'subsample': 1.0}",-0.0,-0.0,0.0,0.0,1.0
NED,"{'learning_rate': 0.1, 'max_depth': 4, 'min_samples_leaf': 2, 'n_estimators': 200, 'subsample': 1.0}",27.808098247642636,5.273338434771908,0.06897831643179728,0.2626372335214436,0.9991967048283048
NEP,"{'learning_rate': 0.1, 'max_depth': 3, 'min_samples_leaf': 1, 'n_estimators': 100, 'subsample': 1.0}",-0.0,-0.0,0.0,0.0,1.0
NGR,"{'learning_rate': 0.1, 'max_depth': 4, 'min_samples_leaf': 1, 'n_estimators': 200, 'subsample': 0.8}",3.6625167815375805,1.9137703053233899,6.327351140506297e-10,2.5154226564349574e-05,0.9999999998117483
NIG,"{'learning_rate': 0.05, 'max_depth': 3, 'min_samples_leaf': 2, 'n_estimators': 100, 'subsample': 0.8}",0.20067596879381427,0.44796871407924715,0.024303426693139864,0.15589556341711544,0.8015220153393579
NOR,"{'learning_rate': 0.05, 'max_depth': 3, 'min_samples_leaf': 1, 'n_estimators': 200, 'subsample': 1.0}",21.832483095682697,4.67252427448833,0.0031282268813542457,0.0559305540948259,0.9999008203721926
NRU,"{'learning_rate': 0.1, 'max_depth': 3, 'min_samples_leaf': 1, 'n_estimators': 100, 'subsample': 1.0}",-0.0,-0.0,0.0,0.0,1.0
NZL,"{'learning_rate': 0.05, 'max_depth': 3, 'min_samples_leaf': 2, 'n_estimators': 100, 'subsample': 0.8}",41.08204507411794,6.409527679487619,0.16507181084253203,0.4062903036531047,0.9956158981601559
OMA,"{'learning_rate': 0.1, 'max_depth': 3, 'min_samples_leaf': 1, 'n_estimators': 100, 'subsample': 1.0}",-0.0,-0.0,0.0,0.0,1.0
PAK,"{'learning_rate': 0.05, 'max_depth': 3, 'min_samples_leaf': 1, 'n_estimators': 200, 'subsample': 0.8}",0.2766722634300381,0.5259964481154203,0.00016596990693065736,0.012882930836213372,0.9995244830444289
PAN,"{'learning_rate': 0.05, 'max_depth': 4, 'min_samples_leaf': 2, 'n_estimators': 100, 'subsample': 0.8}",0.3105410994444309,0.5572621460716948,0.10921447517584387,0.3304761340488052,0.5976895353216363
PAR,"{'learning_rate': 0.1, 'max_depth': 3, 'min_samples_leaf': 1, 'n_estimators': 200, 'subsample': 0.8}",0.12667331162160772,0.35591194363438794,1.633519119184796e-11,4.0416817281730586e-06,0.9999999997537156
PER,"{'learning_rate': 0.05, 'max_depth': 4, 'min_samples_leaf': 1, 'n_estimators': 100, 'subsample': 0.8}",0.2945194554219089,0.5426964671175858,0.00047879798054261335,0.02188145288920764,0.9972736679696161
PHI,"{'learning_rate': 0.1, 'max_depth': 4, 'min_samples_leaf': 2, 'n_estimators': 100, 'subsample': 0.8}",2.0641410140986545,1.4367118758117978,0.004667990109391299,0.06832269102861288,0.9968341451694
PLE,"{'learning_rate': 0.1, 'max_depth': 3, 'min_samples_leaf': 1, 'n_estimators': 100, 'subsample': 1.0}",-0.0,-0.0,0.0,0.0,1.0
PLW,"{'learning_rate': 0.1, 'max_depth': 3, 'min_samples_leaf': 1, 'n_estimators': 100, 'subsample': 1.0}",-0.0,-0.0,0.0,0.0,1.0
PNG,"{'learning_rate': 0.1, 'max_depth': 3, 'min_samples_leaf': 1, 'n_estimators': 100, 'subsample': 1.0}",-0.0,-0.0,0.0,0.0,1.0
POL,"{'learning_rate': 0.05, 'max_depth': 4, 'min_samples_leaf': 1, 'n_estimators': 200, 'subsample': 1.0}",19.470159645188033,4.41250038472384,6.713949477754536e-06,0.002591128996741485,0.9999998927882537
POR,"{'learning_rate': 0.05, 'max_depth': 4, 'min_samples_leaf': 2, 'n_estimators': 100, 'subsample': 0.8}",1.040266137956299,1.0199343792403015,0.013206477947744115,0.11491944112178808,0.9911079889515189
PRK,"{'learning_rate': 0.05, 'max_depth': 3, 'min_samples_leaf': 2, 'n_estimators': 100, 'subsample': 1.0}",4.261088778347566,2.064240484620812,0.02565442610329869,0.16016999126958423,0.9908160190576949
PUR,"{'learning_rate': 0.1, 'max_depth': 3, 'min_samples_leaf': 2, 'n_estimators': 200, 'subsample': 0.8}",1.4687497259907987,1.2119198513065121,6.481827677859653e-05,0.00805097986450075,0.9998799661541137
QAT,"{'learning_rate': 0.1, 'max_depth': 3, 'min_samples_leaf': 2, 'n_estimators': 200, 'subsample': 0.8}",0.7876366002315682,0.8874889296388819,2.798754241205477e-05,0.005290325359753856,0.9999680519563032
ROU,"{'learning_rate': 0.1, 'max_depth': 3, 'min_samples_leaf': 1, 'n_estimators': 200, 'subsample': 0.8}",164.67670898105402,12.832642322649455,1.6008384200911045e-05,0.004001047887855261,0.9999998892140032
RSA,"{'learning_rate': 0.05, 'max_depth': 3, 'min_samples_leaf': 2, 'n_estimators': 200, 'subsample': 0.8}",7.700737741727603,2.775020313750442,0.05748318290466918,0.23975650753351654,0.9927818668391346
RWA,"{'learning_rate': 0.1, 'max_depth': 3, 'min_samples_leaf': 1, 'n_estimators': 100, 'subsample': 1.0}",-0.0,-0.0,0.0,0.0,1.0
SAM,"{'learning_rate': 0.1, 'max_depth': 3, 'min_samples_leaf': 2, 'n_estimators': 100, 'subsample': 1.0}",0.167159412957072,0.4088513335640132,0.003110158838671521,0.055768798074474595,0.9623670780520746
SEN,"{'learning_rate': 0.1, 'max_depth': 4, 'min_samples_leaf': 2, 'n_estimators': 100, 'subsample': 0.8}",0.07949162636254968,0.2819425940906228,0.00023657217751126512,0.015380903013518587,0.9959625015038077
SEY,"{'learning_rate': 0.1, 'max_depth': 3, 'min_samples_leaf': 1, 'n_estimators': 100, 'subsample': 1.0}",-0.0,-0.0,0.0,0.0,1.0
SGP,"{'learning_rate': 0.05, 'max_depth': 3, 'min_samples_leaf': 2, 'n_estimators': 100, 'subsample': 0.8}",0.43440536060459517,0.6590943487882408,0.015126629599455484,0.12299036384796772,0.9546201112016336
SKN,"{'learning_rate': 0.1, 'max_depth': 3, 'min_samples_leaf': 1, 'n_estimators': 100, 'subsample': 1.0}",-0.0,-0.0,0.0,0.0,1.0
SLE,"{'learning_rate': 0.1, 'max_depth': 3, 'min_samples_leaf': 1, 'n_estimators': 100, 'subsample': 1.0}",-0.0,-0.0,0.0,0.0,1.0
SLO,"{'learning_rate': 0.1, 'max_depth': 3, 'min_samples_leaf': 1, 'n_estimators': 100, 'subsample': 1.0}",1.491801774938734,1.2213933743633678,9.580971629032881e-10,3.0953144636745526e-05,0.9999999992944921
SMR,"{'learning_rate': 0.1, 'max_depth': 3, 'min_samples_leaf': 1, 'n_estimators': 200, 'subsample': 1.0}",0.6,0.7745966692414834,1.8032751224948129e-16,1.3428607978844318e-08,0.9999999999999997
SOL,"{'learning_rate': 0.1, 'max_depth': 3, 'min_samples_leaf': 1, 'n_estimators': 100, 'subsample': 1.0}",-0.0,-0.0,0.0,0.0,1.0
SOM,"{'learning_rate': 0.1, 'max_depth': 3, 'min_samples_leaf': 1, 'n_estimators': 100, 'subsample': 1.0}",-0.0,-0.0,0.0,0.0,1.0
SRB,"{'learning_rate': 0.1, 'max_depth': 4, 'min_samples_leaf': 1, 'n_estimators': 100, 'subsample': 0.8}",6.036457309305325,2.4569202895709346,1.1231746094904118e-06,0.0010597993251037726,0.999999900462644
SRI,"{'learning_rate': 0.05, 'max_depth': 4, 'min_samples_leaf': 1, 'n_estimators': 100, 'subsample': 0.8}",0.05591728046412664,0.23646834981478312,2.1344746420362863e-05,0.004620037491229142,0.9995719192523471
STP,"{'learning_rate': 0.1, 'max_depth': 3, 'min_samples_leaf': 1, 'n_estimators': 100, 'subsample': 1.0}",-0.0,-0.0,0.0,0.0,1.0
SUD,"{'learning_rate': 0.05, 'max_depth': 3, 'min_samples_leaf': 2, 'n_estimators': 200, 'subsample': 1.0}",0.07731977899200779,0.27806434325890794,0.0005401219698445566,0.023240524302273316,0.9918566226084975
SUI,"{'learning_rate': 0.05, 'max_depth': 3, 'min_samples_leaf': 1, 'n_estimators': 200, 'subsample': 1.0}",28.92245008734046,5.377959658396525,0.009259996383129989,0.09622887499669727,0.9997529605095723
SUR,"{'learning_rate': 0.05, 'max_depth': 4, 'min_samples_leaf': 2, 'n_estimators': 200, 'subsample': 1.0}",0.18487681246385682,0.4299730369033119,5.414254155429735e-07,0.0007358161560763487,0.9999955783591064
SVK,"{'learning_rate': 0.1, 'max_depth': 3, 'min_samples_leaf': 1, 'n_estimators': 100, 'subsample': 1.0}",3.6061611155469793,1.8989894985352023,1.997467115256066e-09,4.469303206603985e-05,0.9999999991533914
SWE,"{'learning_rate': 0.05, 'max_depth': 3, 'min_samples_leaf': 2, 'n_estimators': 200, 'subsample': 0.8}",228.44435220669865,15.114375680348118,0.12695197335137004,0.35630320423954936,0.9995186837528383
SWZ,"{'learning_rate': 0.1, 'max_depth': 3, 'min_samples_leaf': 1, 'n_estimators': 100, 'subsample': 1.0}",-0.0,-0.0,0.0,0.0,1.0
SYR,"{'learning_rate': 0.05, 'max_depth': 3, 'min_samples_leaf': 2, 'n_estimators': 100, 'subsample': 1.0}",0.4374103971064308,0.6613700908768334,0.004982338392524847,0.07058568121456962,0.9745221332200434
TAN,"{'learning_rate': 0.1, 'max_depth': 3, 'min_samples_leaf': 2, 'n_estimators': 100, 'subsample': 0.8}",0.27925359364493346,0.5284445038458944,0.001039267604810745,0.03223767368795002,0.9958243712306711
TGA,"{'learning_rate': 0.05, 'max_depth': 3, 'min_samples_leaf': 2, 'n_estimators': 100, 'subsample': 0.8}",0.18920690322482475,0.43497919861164025,0.0109372923118914,0.1045815103729689,0.867658763026114
THA,"{'learning_rate': 0.05, 'max_depth': 3, 'min_samples_leaf': 1, 'n_estimators': 100, 'subsample': 1.0}",4.599636069539222,2.1446762155484502,0.00023249800968990056,0.01524788541699801,0.9999638013670641
TJK,"{'learning_rate': 0.1, 'max_depth': 3, 'min_samples_leaf': 2, 'n_estimators': 100, 'subsample': 1.0}",0.9232859531845758,0.9608776993897693,0.00024822191236607166,0.01575505989725433,0.9997762506705432
TKM,"{'learning_rate': 0.05, 'max_depth': 3, 'min_samples_leaf': 2, 'n_estimators': 200, 'subsample': 0.8}",0.22251604576097112,0.4717160647688089,0.001293904776868449,0.035970887907701816,0.9881700134686313
TLS,"{'learning_rate': 0.1, 'max_depth': 3, 'min_samples_leaf': 1, 'n_estimators': 100, 'subsample': 1.0}",-0.0,-0.0,0.0,0.0,1.0
TOG,"{'learning_rate': 0.05, 'max_depth': 3, 'min_samples_leaf': 2, 'n_estimators': 100, 'subsample': 0.8}",0.17589072511853998,0.41939328215714183,0.00979705112666232,0.09898005418599407,0.871747694341875
TPE,"{'learning_rate': 0.1, 'max_depth': 4, 'min_samples_leaf': 1, 'n_estimators': 200, 'subsample': 1.0}",6.512727976907715,2.552004697665683,2.7015807984640995e-15,5.1976733241558186e-08,0.9999999999999998
TTO,"{'learning_rate': 0.1, 'max_depth': 4, 'min_samples_leaf': 2, 'n_estimators': 200, 'subsample': 0.8}",2.134354025882486,1.460942855105047,0.0005190291691411018,0.022782211682387244,0.9996207094533199
TUN,"{'learning_rate': 0.05, 'max_depth': 4, 'min_samples_leaf': 1, 'n_estimators': 100, 'subsample': 1.0}",1.0683194932888542,1.033595420504974,0.00011724099494797807,0.010827788091202103,0.9999137537508429
TUR,"{'learning_rate': 0.05, 'max_depth': 3, 'min_samples_leaf': 2, 'n_estimators': 100, 'subsample': 0.8}",22.510502076860526,4.744523377206663,0.29744044747878645,0.5453810112928268,0.9802317865084813
TUV,"{'learning_rate': 0.1, 'max_depth': 3, 'min_samples_leaf': 1, 'n_estimators': 100, 'subsample': 1.0}",-0.0,-0.0,0.0,0.0,1.0
UAE,"{'learning_rate': 0.05, 'max_depth': 3, 'min_samples_leaf': 2, 'n_estimators': 100, 'subsample': 0.8}",0.3709344593982701,0.6090438895500636,0.022903154873415807,0.15133788314039484,0.846039903350927
UGA,"{'learning_rate': 0.1, 'max_depth': 4, 'min_samples_leaf': 2, 'n_estimators': 100, 'subsample': 0.8}",1.555218367134927,1.2470839455044422,0.007813824693178656,0.08839584092692741,0.9936921917979648
UKR,"{'learning_rate': 0.05, 'max_depth': 3, 'min_samples_leaf': 2, 'n_estimators': 200, 'subsample': 0.8}",22.270104793306235,4.719121188664923,1.775699434143273,1.332553726550368,0.9127822227281892
URU,"{'learning_rate': 0.1, 'max_depth': 3, 'min_samples_leaf': 2, 'n_estimators': 200, 'subsample': 0.8}",0.15772531368160475,0.3971464637657054,3.316547373537479e-05,0.005758947276662185,0.9999209705603332
USA,"{'learning_rate': 0.1, 'max_depth': 4, 'min_samples_leaf': 2, 'n_estimators': 200, 'subsample': 0.8}",1337.0316300380675,36.5654431128363,0.013776307460517216,0.11737251577996109,0.999992062428801
UZB,"{'learning_rate': 0.05, 'max_depth': 3, 'min_samples_leaf': 2, 'n_estimators': 200, 'subsample': 0.8}",17.42802808134919,4.174688980193517,0.13017009895367276,0.3607909352432136,0.992162853872968
VAN,"{'learning_rate': 0.1, 'max_depth': 3, 'min_samples_leaf': 1, 'n_estimators': 100, 'subsample': 1.0}",-0.0,-0.0,0.0,0.0,1.0
VEN,"{'learning_rate': 0.05, 'max_depth': 3, 'min_samples_leaf': 1, 'n_estimators': 100, 'subsample': 0.8}",1.722617381954174,1.3124851930418773,0.014764350397881168,0.12150864330524462,0.9888508929358466
VIE,"{'learning_rate': 0.05, 'max_depth': 3, 'min_samples_leaf': 2, 'n_estimators': 100, 'subsample': 0.8}",0.866245850183639,0.9307232941017641,0.019263440735248286,0.13879279785078288,0.9551754552122107
VIN,"{'learning_rate': 0.1, 'max_depth': 3, 'min_samples_leaf': 1, 'n_estimators': 100, 'subsample': 1.0}",-0.0,-0.0,0.0,0.0,1.0
VNM,"{'learning_rate': 0.1, 'max_depth': 3, 'min_samples_leaf': 1, 'n_estimators': 100, 'subsample': 1.0}",-0.0,-0.0,0.0,0.0,1.0
YEM,"{'learning_rate': 0.1, 'max_depth': 3, 'min_samples_leaf': 1, 'n_estimators': 100, 'subsample': 1.0}",-0.0,-0.0,0.0,0.0,1.0
ZAM,"{'learning_rate': 0.1, 'max_depth': 4, 'min_samples_leaf': 2, 'n_estimators': 100, 'subsample': 1.0}",0.2403275901392548,0.4902321798283491,0.0003315305920367795,0.018207981547573568,0.9979279337997702
ZIM,"{'learning_rate': 0.05, 'max_depth': 3, 'min_samples_leaf': 1, 'n_estimators': 100, 'subsample': 1.0}",2.370556789034058,1.5396612578856617,5.078741865386139e-05,0.007126529215113159,0.9999649473337512
